Name,7_with_prob,8_with_prob,9_with_prob,10_with_prob,11_with_prob,12_with_prob,13_with_prob,14_with_prob,15_with_prob,16_with_prob,17_with_prob,18_with_prob,19_with_prob,20_with_prob,21_with_prob,22_with_prob,23_with_prob,24_with_prob,25_with_prob,26_with_prob,27_with_prob,28_with_prob,29_with_prob,30_with_prob,31_with_prob,32_with_prob,33_with_prob,34_with_prob,35_with_prob,36_with_prob,37_with_prob,38_with_prob
Havertz,3.19100333333333,2.98821333333333,3.05579833333333,3.10338833333333,3.03779333333333,3.18587333333333,3.13472333333333,3.18868333333333,3.08869833333333,3.04924333333333,3.12925833333333,2.98603833333333,3.19468333333333,3.20135333333333,3.13183333333333,3.28173333333333,3.12330833333333,3.09197333333333,3.11824333333333,3.19950333333333,3.17659333333333,3.22979333333333,3.12231833333333,2.93940333333333,3.14417333333333,3.11468833333333,3.13632333333333,3.16827333333333,3.10107833333333,3.33655333333333,3.09595333333333,3.26802833333333
G.Jesus,3.13020833333333,2.97341333333333,2.98597333333333,3.07446833333333,2.94431333333333,3.17390333333333,2.99246333333333,3.22779333333333,2.96760333333333,3.16151833333333,3.24252333333333,2.97647833333333,3.22206833333333,3.36886333333333,3.12482333333333,3.19786833333333,3.24078833333333,3.09799333333333,3.17063833333333,3.24088833333333,3.24773333333333,3.04811833333333,3.05165833333333,2.91869333333333,3.18661833333333,3.05366333333333,3.19234333333333,3.06784833333333,3.00534333333333,3.23099833333333,2.92339333333333,3.25190333333333
Martinelli,2.45952166666667,2.18500166666667,2.28305166666667,2.34535166666667,2.25948166666667,2.45333166666667,2.38637166666667,2.45701666666667,2.32611666666667,2.27446666666667,2.37922166666667,2.19172166666667,2.46487166666667,2.47360166666667,2.38258666666667,2.57883166666667,2.37143166666667,2.33040666666667,2.36479666666667,2.47117666666667,2.44119166666667,2.51083166666667,2.37013666666667,2.13067166666667,2.39874666666667,2.36014666666667,2.38846666666667,2.43029666666667,2.34232666666667,2.65059666666667,2.33562166666667,2.56089166666667
Ødegaard,6.11223,5.81741,5.92879,6.00075,5.901565,6.12549,6.04814,6.12974,5.97854,5.91887,6.039875,5.82329,6.138815,6.1489,6.04377,6.27045,6.03088,5.983495,6.02322,6.1461,6.11146,6.191905,6.029385,5.75277,6.06243,6.017845,6.05056,6.098875,5.99726,6.353355,5.989515,6.24973
Saka,7.47257666666667,7.04567166666667,7.13384666666667,7.21075666666667,7.10475666666667,7.34405666666667,7.26139666666667,7.34860166666667,7.18701666666667,7.12325166666667,7.25256666666667,7.02110666666667,7.35829666666667,7.36907666666667,7.25672666666667,7.49897666666667,7.24295166666667,7.19231166666667,7.23476166666667,7.36608166666667,7.32906666666667,7.41503666666667,7.24135166666667,6.94574666666667,7.27666666666667,7.22902166666667,7.26398166666667,7.31561666666667,7.20702166666667,7.58757166666667,7.19874666666667,7.47683166666667
Turner,2.52744,2.598085,2.57413,2.55433,2.57968,2.4529,2.577215,2.643155,2.66509,2.69035,2.573905,2.636465,2.542645,2.65204,2.58634,2.507035,2.574275,2.54378,2.68283,2.526645,2.474485,2.64333,2.669605,2.685,2.70848,2.57072,2.53771,2.730455,2.534185,2.62745,2.665025,2.65512
White,6.10505166666667,5.50217666666667,5.62411166666667,6.22600166666667,5.57730166666667,6.35500166666667,5.86979666666667,6.20387166666667,5.74017666666667,5.73664166666667,5.78410666666667,5.34555166666667,6.20793166666667,6.18075666666667,6.09847666666667,6.08738666666667,5.68925166666667,5.73516166666667,6.32559666666667,6.03613166666667,5.80022166666667,6.07139166666667,5.78979166666667,5.37255666666667,6.25451166666667,5.71020666666667,5.99418166666667,6.08283666666667,5.69512166666667,6.30513666666667,5.68793166666667,6.27970666666667
Cash,3.68698666666667,3.95252166666667,4.10455666666667,4.15182166666667,3.98222166666667,4.02415666666667,3.58414166666667,3.99222166666667,3.38024666666667,3.85728666666667,3.76140666666667,4.12289166666667,3.57684166666667,4.25380166666667,3.78742666666667,3.93020666666667,3.69079666666667,3.78639666666667,4.07697166666667,4.25640666666667,3.62986166666667,3.69906666666667,3.62477666666667,4.10043166666667,3.25679666666667,3.96598666666667,3.49931666666667,4.20319666666667,3.68021166666667,3.59944666666667,3.57818166666667,3.95471166666667
Douglas Luiz,5.15355333333333,5.21443833333333,5.25376333333333,5.20350333333333,5.34037833333333,5.32120333333333,5.16061833333333,5.26495833333333,5.05113833333333,5.19598833333333,5.19409833333333,5.16291833333333,5.15552333333333,5.24499333333333,5.17594833333333,5.25855333333333,5.23576333333333,5.29291833333333,5.26039833333333,5.36049333333333,5.14830333333333,5.23375333333333,5.15156333333333,5.24779333333333,4.99974833333333,5.28869333333333,5.07521333333333,5.39492833333333,5.18175833333333,5.17416833333333,5.18274333333333,5.16192833333333
Konsa,3.12704666666667,3.40759666666667,3.52530666666667,3.56508666666667,3.42236166666667,3.45765166666667,3.08737166666667,3.43077666666667,2.91578666666667,3.31722666666667,3.23654166666667,3.54073666666667,3.08122666666667,3.65090166666667,3.25843666666667,3.37859166666667,3.17712166666667,3.25757166666667,3.50209666666667,3.65309666666667,3.12584666666667,3.18408166666667,3.12156666666667,3.52183666666667,2.81190166666667,3.40870166666667,3.01598666666667,3.60831666666667,3.16821666666667,3.10025166666667,3.08235666666667,3.39921166666667
Martinez,3.42941666666667,3.57207166666667,3.56258666666667,3.42552166666667,3.57441166666667,3.59493666666667,3.42122166666667,3.42570666666667,3.37515666666667,3.34092166666667,3.44092166666667,3.42320666666667,3.40573666666667,3.41206666666667,3.62264666666667,3.38725166666667,3.49276166666667,3.52376666666667,3.54022166666667,3.65405666666667,3.54591666666667,3.42524166666667,3.27266166666667,3.37960166666667,3.15707166666667,3.36664666666667,3.38455166666667,3.50413166666667,3.54013666666667,3.51278166666667,3.29987666666667,3.45572666666667
Nakamba,2.65817666666667,1.79778666666667,1.83556666666667,1.75360166666667,1.77971666666667,1.77007166666667,1.78272166666667,1.78373666666667,1.78440666666667,1.73308666666667,1.80884666666667,1.80657666666667,1.79850166666667,1.77936666666667,1.77792666666667,1.78181166666667,1.74956666666667,1.77269166666667,1.81875166666667,1.73131666666667,1.78430166666667,1.77234166666667,1.84269166666667,1.77187666666667,1.74161666666667,1.85489666666667,1.71487666666667,1.81725666666667,1.79556666666667,1.83073666666667,1.76866666666667,1.82877166666667
Watkins,8.54252166666667,8.35372166666667,8.53487166666667,8.49529166666667,8.50784666666667,8.85210166666667,8.29290666666667,8.46984666666667,8.26308166666667,8.31628666666667,8.27852666666667,8.37008166666667,8.20141166666667,8.48109666666667,8.53634666666667,8.55588166666667,8.56352166666667,8.51916666666667,8.69875666666667,8.89141666666667,8.25077166666667,8.35897666666667,8.39634666666667,8.54125666666667,8.19616666666667,8.34066166666667,8.30401666666667,8.54483666666667,8.34461166666667,8.34685166666667,8.55576666666667,8.38156666666667
Semenyo,1.15324333333333,1.23008333333333,1.23251333333333,1.21173333333333,1.11332833333333,1.23756333333333,1.24019833333333,1.21884333333333,1.17735833333333,1.11513833333333,1.21663333333333,1.22097333333333,1.33986833333333,1.14673833333333,1.23752333333333,1.18246333333333,1.35344333333333,1.28690833333333,1.12320833333333,1.13643833333333,1.21047333333333,1.17339333333333,1.17083833333333,1.24180833333333,1.19280833333333,1.13218833333333,1.22488333333333,1.20695833333333,1.23818833333333,1.15057333333333,1.16323333333333,1.13926833333333
Solanke,3.53438166666667,3.72123166666667,3.72397166666667,3.67505166666667,3.44334666666667,3.73586666666667,3.74207666666667,3.69179166666667,3.59411666666667,3.44761666666667,3.68659666666667,3.69680666666667,3.97675166666667,3.52201666666667,3.73577166666667,3.60613166666667,4.00871666666667,3.85205166666667,3.46661166666667,3.49776166666667,3.67208666666667,3.58477666666667,3.57876666666667,3.74586166666667,3.63049166666667,3.48775166666667,3.70600666666667,3.66380666666667,3.73734666666667,3.53105166666667,3.56085166666667,3.50443166666667
Mbeumo,4.18927833333333,3.84104833333333,4.01530833333333,3.75433333333333,4.03298833333333,3.61436833333333,3.91648833333333,3.93164333333333,3.87249333333333,3.99669333333333,3.91589333333333,0.833333333333333,4.02094833333333,3.84781833333333,4.24819833333333,3.84517833333333,3.62442833333333,3.97999833333333,3.88978333333333,3.82691333333333,3.88780333333333,3.67296333333333,3.87961833333333,4.11194333333333,3.90172333333333,3.74117833333333,3.84981333333333,3.82033833333333,3.87608833333333,4.16897333333333,4.05556333333333,4.04265333333333
Pinnock,2.66938333333333,2.32569333333333,2.93756833333333,2.27875833333333,2.80500333333333,2.02767333333333,2.58537833333333,2.84699333333333,2.35636333333333,2.43749833333333,2.61233333333333,0.833333333333333,2.80134333333333,2.67191333333333,2.93988333333333,2.34276833333333,2.16166333333333,2.69224833333333,2.33747333333333,2.37885833333333,2.42809833333333,2.26742333333333,2.91106833333333,2.52241333333333,2.42297833333333,2.38019333333333,2.82129333333333,2.38337833333333,2.52332833333333,2.73359333333333,2.70522833333333,2.65014833333333
Wissa,2.72858333333333,2.49487333333333,2.71878333333333,2.55239333333333,2.76142833333333,2.54398833333333,2.58808833333333,2.73004333333333,2.61232833333333,2.78414833333333,2.73511333333333,0.833333333333333,2.76649333333333,2.63985833333333,3.04417333333333,2.56954833333333,2.54589333333333,2.62488833333333,2.77799833333333,2.65157833333333,2.61054833333333,2.57835833333333,2.71589333333333,2.74897333333333,2.77953333333333,2.70781833333333,2.63074833333333,2.53613333333333,2.76260333333333,3.01299833333333,2.70986333333333,2.77809333333333
Estupiñan,2.01679166666667,2.00799666666667,1.75293166666667,2.38754666666667,2.19177166666667,2.46920666666667,2.35286666666667,1.96405166666667,2.33944166666667,2.57747166666667,1.95350166666667,2.33012166666667,2.11869666666667,2.05725666666667,2.45063166666667,2.06146166666667,2.36217666666667,2.02365166666667,2.11185666666667,2.51427666666667,2.43123166666667,2.57962666666667,1.85502666666667,1.73026666666667,2.17025166666667,2.24954666666667,2.55279166666667,2.10310666666667,2.36114166666667,2.27464666666667,1.92476666666667,2.19091666666667
Ferguson,2.302475,2.409965,2.09002,2.63158,2.370885,2.23361,2.347355,2.152035,2.20932,2.325265,2.179065,2.243095,2.22444,2.255295,2.37494,2.135105,2.280025,2.169895,2.39332,2.39716,2.504975,2.664035,2.14527,2.143285,2.15802,2.1892,2.322255,2.212585,2.31598,2.342265,2.11364,2.3567
Gross,3.65763666666667,3.77005166666667,3.56530166666667,3.95967666666667,3.78147666666667,3.76548666666667,3.98320166666667,3.70739166666667,3.91979666666667,3.86618166666667,3.65788166666667,3.76427166666667,3.85239166666667,3.75155166666667,3.86961166666667,3.74755166666667,3.80021166666667,3.76266666666667,3.85485666666667,3.96647666666667,3.88508166666667,4.00788166666667,3.62835166666667,3.62223166666667,3.80374166666667,3.80605666666667,3.78362166666667,3.78860166666667,3.89067666666667,3.80569166666667,3.68541666666667,3.92497666666667
March,2.34515333333333,2.47199833333333,2.25825333333333,2.66622333333333,2.48187833333333,2.46533833333333,2.69055833333333,2.40523833333333,2.62496333333333,2.56950333333333,2.35402333333333,2.46408333333333,2.55523333333333,2.45092333333333,2.57305333333333,2.44678833333333,2.50125833333333,2.46241833333333,2.55778833333333,2.67325333333333,2.58905333333333,2.71608833333333,2.32347333333333,2.31714333333333,2.50490833333333,2.50730333333333,2.48409833333333,2.48924833333333,2.59484333333333,2.50692833333333,2.38250833333333,2.63032833333333
Mitoma,4.85438333333333,4.96871333333333,4.74595333333333,5.15371333333333,4.96946333333333,4.95293333333333,5.17803833333333,4.89286833333333,5.11247833333333,5.05704333333333,4.84167833333333,4.95167833333333,5.04278333333333,4.93852333333333,5.06059333333333,4.93438833333333,4.98883333333333,4.95001333333333,5.04533333333333,5.16074333333333,5.07658333333333,5.20355333333333,4.81114333333333,4.80481333333333,4.99248333333333,4.99487833333333,4.97168333333333,4.97682833333333,5.08236833333333,4.99450333333333,4.87014333333333,5.11783333333333
Al-Dakhil,2.47705166666667,1.76670166666667,1.80157666666667,1.90071166666667,1.90125166666667,1.68900666666667,1.94896166666667,1.95683666666667,1.89443666666667,1.73201166666667,1.98024666666667,1.93711666666667,1.72287666666667,1.74353666666667,1.96926666666667,1.58483666666667,1.91442666666667,1.57306666666667,1.84275666666667,1.88460166666667,1.99133166666667,1.74289166666667,1.88944666666667,1.69448666666667,1.94719166666667,1.81275166666667,1.76422666666667,1.77124666666667,1.72230166666667,1.87407666666667,1.72543666666667,2.01418666666667
Foster,3.14545833333333,2.15492833333333,2.12637333333333,2.20904333333333,2.19022333333333,2.13738833333333,2.23713833333333,2.16593333333333,2.16273833333333,2.15589833333333,2.25152833333333,2.30795333333333,2.24616833333333,2.20792833333333,2.22003833333333,2.09078333333333,2.37421333333333,2.11866333333333,2.14268833333333,2.17089833333333,2.24144833333333,2.17728333333333,2.15322333333333,2.12324333333333,2.23989833333333,2.23777833333333,2.24700333333333,2.24951833333333,2.09305333333333,2.24621833333333,2.13258833333333,2.39119833333333
Chilwell,1.864745,2.009705,1.6598,1.76555,1.394075,1.195715,1.27775,1.481925,1.38697,1.59184,1.91819,1.77685,1.79229,1.43855,1.822135,1.048955,1.89634,1.75458,1.07562,1.505875,1.56652,1.73074,1.31155,2.045545,1.590835,1.49783,1.97121,1.408965,1.435065,1.90035,1.78134,1.996315
Chukwuemeka,0.49434,0.503125,0.522815,0.544345,0.5146,0.489175,0.49998,0.521115,0.51342,0.51816,0.515135,0.53013,0.52171,0.51174,0.551895,0.48802,0.534845,0.514905,0.47724,0.531585,0.522375,0.537345,0.494765,0.534195,0.545325,0.532055,0.55318,0.51775,0.502625,0.53623,0.55635,0.569015
Enzo,3.45706,3.344875,3.34441,3.445405,3.30588,3.186615,3.237285,3.33643,3.30033,3.32258,3.308385,3.378725,3.33922,3.29246,3.48082,3.18118,3.400845,3.30731,3.13063,3.38555,3.342355,3.41257,3.212835,3.3978,3.45001,3.387745,3.486855,3.32064,3.24969,3.40735,3.50171,3.561135
Gusto,1.81927166666667,1.88862666666667,1.68922166666667,1.75067666666667,1.53480166666667,1.41953166666667,1.46720666666667,1.58585666666667,1.53067666666667,1.64972666666667,1.83937666666667,1.75724166666667,1.76621666666667,1.56065166666667,1.78356166666667,1.33424666666667,1.82668166666667,1.74430166666667,1.34974166666667,1.59977166666667,1.63501666666667,1.73044666666667,1.48684666666667,1.91338666666667,1.64914666666667,1.59509666666667,1.87019166666667,1.54345666666667,1.55862166666667,1.82901166666667,1.75985166666667,1.88478166666667
James,1.6634,1.793115,1.486995,1.584055,1.24309,1.06102,1.13632,1.323725,1.23657,1.42461,1.72416,1.59443,1.6086,1.283915,1.635995,0.926315,1.704105,1.573985,0.95079,1.34571,1.401375,1.552105,1.167345,1.841055,1.42369,1.338325,1.772825,1.256755,1.280715,1.707785,1.59855,1.79587
Lukaku,0.77538,0.72516,0.663825,0.670935,0.657005,0.648305,0.637135,0.73424,0.63032,0.72801,0.679515,0.67736,0.695915,0.65018,0.79041,0.64878,0.726365,0.68158,0.628055,0.67118,0.64776,0.717845,0.661495,0.711895,0.722275,0.73573,0.74011,0.662045,0.70786,0.7336,0.7197,0.724775
N.Jackson,2.78594833333333,2.52088833333333,2.33844333333333,2.36388833333333,2.31403833333333,2.28289833333333,2.24290833333333,2.59045833333333,2.21852833333333,2.56816833333333,2.39459833333333,2.38688333333333,2.45328333333333,2.27005333333333,2.89778333333333,2.28039333333333,2.57328833333333,2.40658833333333,2.21304833333333,2.38300333333333,2.29902333333333,2.58855833333333,2.32563333333333,2.51048833333333,2.55022833333333,2.59652833333333,2.60138833333333,2.37035333333333,2.49605333333333,2.56662333333333,2.53841333333333,2.57702833333333
Sterling,2.69343166666667,2.57830666666667,2.60424166666667,2.70992166666667,2.56393166666667,2.43913666666667,2.49215666666667,2.59589666666667,2.55812166666667,2.58140666666667,2.56655166666667,2.64014666666667,2.59881166666667,2.54988666666667,2.74697666666667,2.43344666666667,2.66329666666667,2.56542166666667,2.38055666666667,2.64729166666667,2.60209166666667,2.67556666666667,2.46657166666667,2.66010666666667,2.71473666666667,2.64958666666667,2.75329166666667,2.57937166666667,2.50513666666667,2.67010166666667,2.76883666666667,2.83101666666667
C.Doucouré,2.55715166666667,2.71109666666667,2.54761666666667,2.63735166666667,2.60039666666667,2.69866666666667,2.58101166666667,2.58316166666667,2.74362666666667,2.60371666666667,2.48306166666667,2.60762166666667,2.55942666666667,2.67358166666667,2.53281666666667,2.59064666666667,2.59806666666667,2.60307166666667,2.59924166666667,2.64476666666667,2.58913166666667,2.61740666666667,2.65370666666667,2.70765666666667,2.65793166666667,2.51694666666667,2.51365666666667,2.65054666666667,2.65492166666667,2.67636666666667,2.63322166666667,2.61225666666667
Edouard,3.01268166666667,3.40764666666667,3.01447166666667,3.09199166666667,3.16042166666667,3.21282666666667,3.02949166666667,3.11357666666667,3.19934666666667,3.20565666666667,2.99795166666667,3.20677666666667,3.04133666666667,3.08141166666667,3.06024666666667,3.09840666666667,3.08498666666667,3.08369166666667,3.19444166666667,3.16252666666667,3.05382666666667,3.17072666666667,3.20572166666667,3.17797666666667,3.15602666666667,3.03660166666667,3.03521166666667,3.19358666666667,3.28824666666667,3.18451666666667,3.09413666666667,3.17441666666667
Eze,3.80176666666667,4.04399166666667,3.69484666666667,3.86549166666667,3.79521166666667,3.98208666666667,3.75835166666667,3.76243666666667,4.06758166666667,3.80153166666667,3.57209166666667,3.80895666666667,3.71730666666667,3.93438166666667,3.66670666666667,3.77667666666667,3.79078166666667,3.80030166666667,3.79301666666667,3.87958666666667,3.77379666666667,3.82756166666667,3.89659166666667,3.99918166666667,3.90462166666667,3.63652666666667,3.63027166666667,3.89058166666667,3.89890166666667,3.93967666666667,3.85763166666667,3.81776666666667
Guéhi,3.908725,4.525515,3.85467,4.058075,4.513385,4.47299,3.99805,3.993635,4.495375,3.95322,3.67444,4.03672,3.895875,4.28961,3.88481,4.425715,3.971665,4.041725,4.134725,4.53927,3.95839,4.45081,4.258575,4.30369,4.31237,3.781525,3.65067,4.40981,4.385885,4.13383,4.29969,4.22165
Lerma,1.555395,1.706285,1.520465,1.61865,1.57821,1.685735,1.557005,1.559355,1.734925,1.58185,1.449835,1.58612,1.53339,1.658285,1.504275,1.56755,1.575665,1.58114,1.57695,1.62676,1.56589,1.596825,1.63654,1.69557,1.64116,1.48691,1.48331,1.633085,1.637875,1.661335,1.614125,1.59119
Schlupp,2.78366333333333,2.93267833333333,2.75160833333333,2.84568333333333,2.80693833333333,2.90996333333333,2.78661833333333,2.78887333333333,2.95709333333333,2.81042333333333,2.68393333333333,2.81451833333333,2.76398833333333,2.88366333333333,2.73609333333333,2.79672333333333,2.80449833333333,2.80974333333333,2.80572833333333,2.85345333333333,2.79513333333333,2.82477333333333,2.86282833333333,2.91938833333333,2.86725333333333,2.71945833333333,2.71600833333333,2.85951333333333,2.86410333333333,2.88658333333333,2.84134833333333,2.81937333333333
A.Doucoure,4.22615166666667,4.40891666666667,3.95354666666667,4.07717666666667,4.12068666666667,4.08933666666667,4.24296166666667,4.29862666666667,4.20266166666667,4.11259166666667,4.10783166666667,4.08780166666667,3.95940166666667,4.16622166666667,4.12893166666667,4.20482666666667,4.17357166666667,3.89912666666667,4.12369166666667,4.10368666666667,4.19704166666667,4.08182666666667,4.11374666666667,4.21017166666667,4.01395166666667,4.18675666666667,4.03496166666667,4.32221666666667,4.23801166666667,4.07335166666667,4.09049666666667,3.98763166666667
Onana,2.404555,2.544375,2.322355,2.392125,2.416685,2.39899,2.485695,2.517105,2.462945,2.412115,2.40943,2.39812,2.325655,2.44238,2.421335,2.46417,2.44653,2.29164,2.41838,2.40709,2.459775,2.39475,2.412765,2.467185,2.356445,2.45397,2.3683,2.53042,2.482895,2.38997,2.399645,2.34159
Pickford,2.701955,2.77082,2.680085,2.56803,2.705365,2.72842,2.788025,2.832395,2.668425,2.80237,2.79143,2.69819,2.65783,2.83035,2.70809,2.80244,2.70171,2.466765,2.82444,2.778405,2.82204,2.68462,2.591875,2.702115,2.667175,2.690165,2.65175,2.90217,2.650375,2.80743,2.699925,2.66606
Leno,4.68240833333333,4.57456333333333,4.57273333333333,4.65717833333333,4.66730833333333,4.52147333333333,4.53434333333333,4.55367333333333,4.78746833333333,4.70311333333333,4.54008333333333,4.56428833333333,4.57686833333333,4.49867333333333,4.52384833333333,4.65697333333333,4.67088833333333,4.64919833333333,4.58315833333333,4.55845333333333,4.58028833333333,4.71185833333333,4.57643833333333,4.63870833333333,4.71401833333333,4.54140333333333,4.43571333333333,4.46081833333333,4.70563833333333,4.59089833333333,4.53024833333333,4.68773833333333
Lukić,0.973491666666667,0.970726666666667,0.985281666666667,0.989331666666667,1.02484166666667,0.969861666666667,1.01134666666667,0.951056666666667,1.04504666666667,1.01313166666667,0.966456666666667,1.01051166666667,1.01648166666667,0.995856666666667,0.971811666666667,1.03495666666667,0.990391666666667,1.05534166666667,0.995771666666667,0.983761666666667,0.993666666666667,1.00527666666667,1.00715166666667,1.00775166666667,1.03903166666667,1.01456666666667,0.982576666666667,0.991896666666667,0.994431666666667,0.995291666666667,0.952546666666667,0.981601666666667
Alexander-Arnold,1.89270166666667,1.96814666666667,2.70436166666667,2.80723166666667,1.99154166666667,2.42913666666667,1.50585666666667,2.50486666666667,2.07087166666667,2.41446166666667,2.19533166666667,2.28762666666667,2.76499166666667,2.38255666666667,2.46329166666667,2.05709666666667,1.82158666666667,2.80383666666667,2.16279666666667,2.67107666666667,2.45027166666667,1.66657166666667,2.19667666666667,2.04958666666667,2.63340666666667,1.92251666666667,2.46492666666667,2.57363166666667,1.98492166666667,2.08163666666667,1.98687666666667,2.60416666666667
A.Becker,3.31348,3.406345,3.40612,3.54963,3.43995,3.25813,3.045565,3.48967,3.38604,3.34848,3.417485,3.232035,3.421425,3.279025,3.31803,3.43409,3.27629,3.304195,3.33346,3.31784,3.46885,3.26676,3.517775,3.32179,3.315495,3.297775,3.45964,3.434175,3.1628,3.31756,3.257115,3.271265
Darwin,2.72070666666667,2.74085166666667,2.88383166666667,3.12569666666667,2.64633166666667,2.71359166666667,2.60547166666667,3.09628166666667,2.88034666666667,2.74419666666667,2.84715666666667,2.69535166666667,2.81594166666667,2.87463166666667,2.81025166666667,2.71654666666667,2.68616666666667,2.81867166666667,2.66709666666667,2.82929166666667,2.83869166666667,2.65553666666667,2.86001666666667,2.87599166666667,2.73560166666667,2.60939666666667,2.77767166666667,2.98154166666667,2.75525666666667,2.72729166666667,2.80832666666667,2.86368666666667
Diogo J.,2.35920833333333,2.41405333333333,2.57945833333333,2.61098833333333,2.41275833333333,2.54391333333333,2.27397833333333,2.57428333333333,2.49446333333333,2.42548833333333,2.54785833333333,2.45730333333333,2.44021833333333,2.51575333333333,2.52173833333333,2.44401333333333,2.34447333333333,2.50308833333333,2.45553833333333,2.46432333333333,2.59219333333333,2.32198833333333,2.43858333333333,2.45046333333333,2.42641333333333,2.41950333333333,2.45285333333333,2.51747833333333,2.41580333333333,2.49258333333333,2.37607833333333,2.50569833333333
Gakpo,3.73288833333333,3.79123333333333,3.94365333333333,4.14584833333333,3.74510833333333,3.80133833333333,3.71095333333333,4.12125833333333,3.94074333333333,3.82692333333333,3.91299833333333,3.78609333333333,3.88690333333333,3.93596333333333,3.88214333333333,3.80380833333333,3.77841333333333,3.88918333333333,3.76246833333333,3.89806333333333,3.90591833333333,3.75280833333333,3.92374833333333,3.93710333333333,3.81973833333333,3.71423333333333,3.85490833333333,4.02533833333333,3.83616833333333,3.81279333333333,3.88053333333333,3.92681833333333
Luis Díaz,2.68885333333333,2.74777333333333,2.94204333333333,2.98094833333333,2.73634833333333,2.89818333333333,2.56510833333333,2.93565833333333,2.83716833333333,2.75205833333333,2.90305333333333,2.79131833333333,2.77023833333333,2.86344333333333,2.87082333333333,2.77491833333333,2.65209833333333,2.84780833333333,2.78914333333333,2.79997833333333,2.95776333333333,2.62434833333333,2.76822333333333,2.78287333333333,2.75319833333333,2.74467333333333,2.78582833333333,2.86556833333333,2.74010833333333,2.83485333333333,2.69109333333333,2.85103333333333
Mac Allister,3.17545166666667,3.23168666666667,3.44967666666667,3.49361666666667,3.21736166666667,3.40014166666667,3.02395666666667,3.44246666666667,3.33123166666667,3.23510666666667,3.40564166666667,3.27944166666667,3.25563666666667,3.36090166666667,3.36924166666667,3.26092166666667,3.12220666666667,3.34324666666667,3.27698666666667,3.28922666666667,3.46743166666667,3.09086666666667,3.25335666666667,3.26990666666667,3.23639166666667,3.22676666666667,3.27324166666667,3.36330166666667,3.22160666666667,3.32861166666667,3.16624666666667,3.34689166666667
Robertson,3.65348666666667,3.68971166666667,4.27337666666667,4.35178666666667,3.73005166666667,4.06359666666667,3.35984666666667,4.12131666666667,3.79051666666667,4.05240666666667,3.88538166666667,3.95573166666667,4.31959166666667,4.02809166666667,4.08963166666667,3.78001666666667,3.60050666666667,4.34920166666667,3.86058166666667,4.24800666666667,4.07970666666667,3.48235166666667,3.88640666666667,3.77429166666667,4.21929666666667,3.67743666666667,4.09087666666667,4.17373166666667,3.72500666666667,3.79872166666667,3.72649666666667,4.19700666666667
Salah,6.556595,6.596525,6.902005,6.9711,6.536685,6.82411,6.232555,6.89066,6.71574,6.564585,6.832755,6.634305,6.59687,6.762405,6.775515,6.60518,6.387045,6.73464,6.630445,6.649695,6.92992,6.337765,6.593285,6.61931,6.566605,6.55147,6.624555,6.76618,6.543355,6.711625,6.456305,6.740365
Szoboszlai,2.78566,2.81431,2.964905,2.996985,2.79531,2.928745,2.654125,2.95964,2.878435,2.808265,2.93276,2.84063,2.82325,2.9001,2.906185,2.82711,2.725845,2.88721,2.838835,2.847775,2.977865,2.702965,2.82159,2.83367,2.809205,2.802175,2.836105,2.90185,2.79841,2.876525,2.757995,2.88987
Virgil,2.93515666666667,2.96918666666667,3.45614666666667,3.52272666666667,2.99481166666667,3.27802166666667,2.68047166666667,3.32703166666667,3.04615166666667,3.26852666666667,3.12670166666667,3.18643666666667,3.49538666666667,3.24787666666667,3.30012666666667,3.03723666666667,2.88481666666667,3.52053166666667,3.10564666666667,3.43460666666667,3.29170166666667,2.78448666666667,3.12757166666667,3.03237666666667,3.41022666666667,2.95013666666667,3.30118666666667,3.37153666666667,2.99052666666667,3.05312166666667,2.99179166666667,3.39130166666667
Adebayo,3.49268,2.17767,2.244485,2.226275,2.26599,2.10696,2.207885,2.141565,2.158515,2.134635,2.22743,2.266045,2.26947,2.171225,2.230845,2.26686,2.11744,2.182655,2.249565,2.133555,2.24172,2.18781,2.41663,2.14802,2.153005,2.261085,2.1046,2.16945,2.17934,2.27156,2.194445,2.398985
Andersen,2.30691166666667,1.21296166666667,1.34577166666667,1.17882166666667,1.15626166666667,1.15563166666667,1.35104666666667,1.24220166666667,1.28717166666667,1.06342166666667,1.35046166666667,1.32137166666667,1.20908166666667,1.20411666666667,1.45915666666667,1.20141166666667,1.10297666666667,1.41174666666667,1.25392166666667,0.992666666666667,1.30140666666667,1.33286666666667,1.47437166666667,1.15905666666667,1.11927166666667,1.44941666666667,1.00552166666667,1.33815666666667,1.34360666666667,1.43731166666667,1.17811666666667,1.36543666666667
Bell,2.97789166666667,1.81674666666667,1.94229166666667,1.78447666666667,1.76315166666667,1.76255666666667,1.94728166666667,1.84438666666667,1.88690166666667,1.67539166666667,1.94672666666667,1.91923166666667,1.81308166666667,1.80838666666667,2.04947166666667,1.80583166666667,1.71277666666667,2.00466166666667,1.85546666666667,1.60850666666667,1.90035666666667,1.93009666666667,2.06385666666667,1.76579166666667,1.72818166666667,2.04026666666667,1.62065666666667,1.93509166666667,1.94024666666667,2.02882666666667,1.78381166666667,1.96088166666667
Burke,2.92979,1.811555,1.94354,1.77763,1.75521,1.754585,1.948785,1.840615,1.885305,1.66295,1.9482,1.919295,1.8077,1.80277,2.05622,1.80008,1.702255,2.009105,1.85226,1.592635,1.89945,1.930715,2.07134,1.75799,1.71845,2.04654,1.60541,1.93597,1.941385,2.03451,1.77693,1.963085
Morris,5.91569166666667,4.19963666666667,4.29838666666667,4.27146666666667,4.33017166666667,4.09512166666667,4.24429166666667,4.14627166666667,4.17132166666667,4.13602666666667,4.27317666666667,4.33024666666667,4.33531166666667,4.19010666666667,4.27822166666667,4.33145666666667,4.11061666666667,4.20700166666667,4.30589166666667,4.13443666666667,4.29429666666667,4.21462166666667,4.55281166666667,4.15581166666667,4.16318166666667,4.32292166666667,4.09164166666667,4.18748666666667,4.20210166666667,4.33840166666667,4.22442666666667,4.52673166666667
Ogbene,2.57490333333333,1.67114833333333,1.71989833333333,1.70661333333333,1.73559333333333,1.61955333333333,1.69319333333333,1.64480333333333,1.65716833333333,1.63974333333333,1.70745333333333,1.73562833333333,1.73813333333333,1.66644333333333,1.70994333333333,1.73622833333333,1.62719833333333,1.67478333333333,1.72360833333333,1.63895833333333,1.71788333333333,1.67854833333333,1.84550833333333,1.64951333333333,1.65314833333333,1.73201333333333,1.61783333333333,1.66515333333333,1.67236333333333,1.73965333333333,1.68338833333333,1.83263333333333
Woodrow,1.47072166666667,0.922771666666667,0.951836666666667,0.943916666666667,0.961196666666667,0.892011666666667,0.935916666666667,0.907066666666667,0.914436666666667,0.904051666666667,0.944421666666667,0.961216666666667,0.962706666666667,0.919966666666667,0.945901666666667,0.961571666666667,0.896571666666667,0.924941666666667,0.954046666666667,0.903581666666667,0.950636666666666,0.927181666666667,1.02672666666667,0.909871666666667,0.912041666666667,0.959061666666667,0.890986666666667,0.919196666666667,0.923496666666667,0.963616666666667,0.930071666666667,1.01905166666667
Aké,2.20182,1.767705,1.95415,1.860085,2.46373,1.797665,1.861375,1.977875,1.907725,1.91118,2.26161,0.5,2.063035,2.386335,1.751885,2.5125,2.037955,2.43886,1.959705,2.2604,2.06204,1.525225,1.88187,2.13036,2.15961,2.224255,2.41422,1.867115,2.250765,2.36469,2.34208,2.368665
J.Alvarez,4.610905,4.54717,4.71491,4.46736,4.705975,4.515905,4.713565,4.576835,4.652075,4.501655,4.62361,3,4.700075,4.58455,4.48359,4.661685,4.52094,4.72219,4.566855,4.65387,4.688135,4.50854,4.568415,4.547175,4.67599,4.59253,4.67155,4.53093,4.680275,4.703485,4.81292,4.69905
De Bruyne,0,0,0,0,0,0,0,0,0,0.02421,1.22435,0,1.454935,1.522905,1.504545,1.65456,1.60274,1.737795,1.59018,1.67489,1.70336,1.45211,1.58245,1.604665,1.604365,1.56999,1.612315,1.568655,1.75168,1.65741,1.670245,1.66349
Rúben,2.57491666666667,2.23315666666667,2.38005166666667,2.30610666666667,2.78064166666667,2.25703666666667,2.30712166666667,2.39870166666667,2.34356166666667,2.34627666666667,2.62175166666667,1.16666666666667,2.46564666666667,2.71979666666667,2.22105166666667,2.81897666666667,2.44593166666667,2.76109166666667,2.38442166666667,2.62080166666667,2.46486666666667,2.04287166666667,2.32323166666667,2.51857666666667,2.54156666666667,2.59238666666667,2.74172166666667,2.31163666666667,2.61322666666667,2.70278166666667,2.68501166666667,2.70590666666667
Foden,4.344655,4.2146,4.35699,4.3206,4.58349,4.276725,4.35049,4.406505,4.26956,4.31267,4.3598,2.5,4.34303,4.32872,4.25705,4.418845,4.36296,4.508615,4.34941,4.44077,4.471475,4.200495,4.34107,4.36503,4.364705,4.327635,4.373285,4.326195,4.52359,4.42192,4.435765,4.428475
Grealish,1.25242666666667,1.19826166666667,1.27420666666667,1.25202166666667,1.41228666666667,1.22527666666667,1.27024166666667,1.30439166666667,1.22090666666667,1.24718666666667,1.27592166666667,0.166666666666667,1.26569666666667,1.25697166666667,1.21328166666667,1.31191666666667,1.27784666666667,1.36664166666667,1.26958666666667,1.32528166666667,1.34400166666667,1.17880666666667,1.26450166666667,1.27911166666667,1.27891166666667,1.25631166666667,1.28414166666667,1.25543666666667,1.37577166666667,1.31379166666667,1.32223166666667,1.31778666666667
Haaland,5.15003333333333,5.02569833333333,5.36737833333333,4.85847333333333,5.34900833333333,4.95826333333333,5.36461333333333,5.08352833333333,5.23820833333333,4.92897333333333,5.17968833333333,2.33333333333333,5.33687833333333,5.09938833333333,4.89183833333333,5.25795833333333,4.96861333333333,5.38233833333333,5.06301333333333,5.24188833333333,5.31233333333333,4.94312333333333,5.06621333333333,5.02255833333333,5.28736333333333,5.11579333333333,5.27823333333333,4.98915833333333,5.29616833333333,5.34388833333333,5.56885833333333,5.33476833333333
Rodrigo,1.69024833333333,1.55576833333333,1.68990333333333,1.65577333333333,1.90232833333333,1.61462333333333,1.68380333333333,1.73633833333333,1.60790333333333,1.64833833333333,1.69253833333333,-0.166666666666667,1.67680833333333,1.66338833333333,1.59617333333333,1.74791333333333,1.69549833333333,1.83210833333333,1.68279333333333,1.76847833333333,1.79727333333333,1.54313333333333,1.67497333333333,1.69744333333333,1.69713833333333,1.66237333333333,1.70518333333333,1.66102333333333,1.84614833333333,1.75079833333333,1.76377833333333,1.75694333333333
Stones,0.779685,0.599585,0.68056,0.63543,0.925025,0.605485,0.63605,0.69194,0.658285,0.659945,0.82806,0,0.732795,0.887895,0.583525,0.94842,0.720765,0.913095,0.683225,0.82748,0.732315,0.474785,0.645885,0.765095,0.779125,0.81014,0.901275,0.638805,0.822855,0.87751,0.866665,0.879415
Walker,3.91762166666667,3.50035166666667,3.67583666666667,3.58726166666667,4.15565166666667,3.52849166666667,3.58847666666667,3.69817166666667,3.63212166666667,3.63537666666667,3.96534166666667,2.16666666666667,3.77835666666667,4.08277666666667,3.48538166666667,4.20157166666667,3.75474166666667,4.13223166666667,3.68106666666667,3.96420166666667,3.77742166666667,3.27196666666667,3.60777666666667,3.84175666666667,3.86929166666667,3.93016166666667,4.10903166666667,3.59388666666667,3.95512666666667,4.06239666666667,4.04111166666667,4.06613666666667
Antony,1.878255,1.99785,1.9556,1.75876,1.981865,1.921205,1.89183,1.80835,1.89802,2.1253,1.75344,1.86583,1.912875,2.06714,1.953455,1.946775,1.97479,1.820495,1.86235,2.046695,1.70397,2.0526,1.877935,1.91118,1.82745,1.89907,1.98673,1.9799,1.96544,1.87688,1.91319,1.88993
B.Fernandes,5.10248666666667,5.27246166666667,5.19612166666667,4.84004666666667,5.24363666666667,5.13389666666667,5.08076166666667,4.92975166666667,5.09196166666667,5.50309666666667,4.83042166666667,5.03372166666667,5.11883166666667,5.39788666666667,5.19224166666667,5.18015166666667,5.23083166666667,4.95171666666667,5.02743666666667,5.36090166666667,4.74092666666667,5.37159166666667,5.05562666666667,5.11576166666667,4.96430166666667,5.09385666666667,5.25242666666667,5.24007666666667,5.21392166666667,5.05372166666667,5.11940166666667,5.07732166666667
Casemiro,2.760055,2.83185,2.79276,2.610795,2.817045,2.760965,2.73381,2.656635,2.739535,2.94964,2.605875,2.70977,2.753265,2.895875,2.79078,2.7846,2.8105,2.66786,2.706555,2.876975,2.56014,2.882435,2.720965,2.751695,2.674295,2.7405,2.82154,2.815225,2.80186,2.71999,2.753555,2.73205
Rashford,3.54420666666667,3.68660666666667,3.60577166666667,3.34157666666667,3.64102666666667,3.55960666666667,3.52018166666667,3.40813666666667,3.52849166666667,3.83353666666667,3.33443666666667,3.48528166666667,3.54842666666667,3.75547666666667,3.60289666666667,3.59392166666667,3.63152666666667,3.42443166666667,3.48061666666667,3.72803666666667,3.26803666666667,3.73596666666667,3.50153166666667,3.54615166666667,3.43377166666667,3.52989666666667,3.64755166666667,3.63838666666667,3.61898166666667,3.50011666666667,3.54885166666667,3.51762666666667
Anderson,2.622205,2.642055,2.65703,2.664085,2.65796,2.67138,2.65519,2.67682,2.65406,2.651075,2.682325,2.64868,2.68997,2.6288,2.629775,2.64104,2.65942,2.686055,2.69667,2.634455,2.66804,2.64231,2.65133,2.6692,2.6834,2.67049,2.665305,2.650085,2.651525,2.6544,2.656535,2.65759
Burn,6.02664,5.473645,5.818735,5.80431,5.69496,5.81759,5.534025,5.63053,5.631465,5.44671,5.846615,5.488265,6.057695,5.1243,5.2614,5.48501,5.962645,5.8085,6.009335,5.36962,5.915935,5.381215,5.783505,5.919685,5.98588,5.89462,5.55116,5.44008,5.93635,6.02821,5.528785,5.607815
Isak,3.80356833333333,3.73290333333333,3.74692333333333,3.69517833333333,3.65743333333333,3.78234833333333,3.68047333333333,3.82246833333333,3.83644833333333,3.63840833333333,4.09330833333333,3.60413333333333,4.12528833333333,3.61219333333333,3.61414833333333,3.78024833333333,3.80304833333333,3.81326333333333,3.84335333333333,3.64744833333333,3.84043833333333,3.62081333333333,3.71053333333333,3.83524333333333,3.86233833333333,3.96856333333333,3.69215333333333,3.56398333333333,3.70118833333333,3.78853333333333,3.85381833333333,3.62670833333333
Joelinton,1.91434666666667,1.84664166666667,1.89997666666667,1.93548666666667,1.90464166666667,1.97218666666667,1.89070666666667,1.99956666666667,1.88501666666667,1.87000666666667,2.02726666666667,1.85794166666667,2.06574666666667,1.75790166666667,1.76278666666667,1.81949166666667,1.91200166666667,2.04604666666667,2.09946666666667,1.78636166666667,1.95537166666667,1.82588166666667,1.87128666666667,1.96122166666667,2.03269166666667,1.96772166666667,1.94162666666667,1.86501666666667,1.87225666666667,1.88673166666667,1.89746666666667,1.90279166666667
Pope,4.780245,4.6384,4.936185,4.94305,4.707855,4.794125,4.910555,4.8939,4.99451,4.78956,4.96631,4.916435,5.026465,4.768535,4.74269,4.733015,4.793935,4.945425,4.873915,4.75225,4.74721,4.73563,4.82467,4.9334,4.8825,4.91064,4.79365,4.773805,4.79158,4.89785,4.7979,4.809605
Schär,5.54483833333333,4.91579833333333,5.30418333333333,5.28789833333333,5.16444833333333,5.30289333333333,4.98276333333333,5.09170833333333,5.09276833333333,4.88419333333333,5.33565833333333,4.93110333333333,5.57395333333333,4.52020833333333,4.67498833333333,4.92742833333333,5.46664833333333,5.29263333333333,5.51935833333333,4.79715833333333,5.41391833333333,4.81025333333333,5.26440833333333,5.41814833333333,5.49288333333333,5.38985333333333,5.00210833333333,4.87670333333333,5.43696333333333,5.54066333333333,4.97684833333333,5.06606833333333
Trippier,8.88906333333333,8.13514333333333,8.60436333333333,8.58475333333333,8.43610333333333,8.60280833333333,8.21733333333333,8.34851833333333,8.34979333333333,8.09863833333333,8.64226333333333,8.15512833333333,8.92920333333333,7.66035333333333,7.84673333333333,8.15069833333333,8.79999333333333,8.59045333333333,8.86346833333333,7.99384333333333,8.73649833333333,8.00960333333333,8.55646833333333,8.74159333333333,8.83158333333333,8.70751833333333,8.24062333333333,8.08962333333333,8.76424833333333,8.88912333333333,8.21020833333333,8.31764333333333
Wilson,3.76795833333333,3.71722833333333,3.75383333333333,3.69493833333333,3.65197333333333,3.79415333333333,3.67819833333333,3.83981833333333,3.85573333333333,3.63032333333333,4.14809333333333,3.59131333333333,4.18448833333333,3.60048333333333,3.60270833333333,3.79176833333333,3.81771333333333,3.82934333333333,3.86359333333333,3.64060833333333,3.86027833333333,3.61029833333333,3.71241833333333,3.85436333333333,3.88519833333333,4.00610833333333,3.69149833333333,3.54561333333333,3.70178333333333,3.80119833333333,3.87550333333333,3.61700833333333
Awoniyi,2.93866333333333,2.96066333333333,3.03988833333333,2.87586333333333,3.04435833333333,2.97071333333333,3.08352333333333,3.09084833333333,3.18214333333333,2.94718333333333,2.94458833333333,3.07453333333333,2.85075833333333,3.05658333333333,2.88833833333333,2.91474333333333,3.02209833333333,3.08225333333333,3.06756333333333,3.02029833333333,3.08217333333333,2.93611333333333,2.86893833333333,2.99165333333333,3.28935333333333,2.89839333333333,3.07202833333333,3.06859333333333,2.87754333333333,3.08759333333333,2.93454333333333,3.02741833333333
Gibbs-White,2.75441166666667,2.62778666666667,2.69030166666667,2.51485666666667,2.68159166666667,2.63238666666667,2.67375166666667,2.82771166666667,2.75374166666667,2.71704166666667,2.72403166666667,2.90373666666667,2.57228166666667,2.79000166666667,2.67981666666667,2.68192166666667,2.75882666666667,2.75168166666667,2.74634166666667,2.58497666666667,2.66715166666667,2.65759166666667,2.62875166666667,2.67661166666667,2.82153666666667,2.64248666666667,2.73968166666667,2.65958166666667,2.52042166666667,2.72627166666667,2.66605666666667,2.66153166666667
Osula,0.55779,0.62808,0.58768,0.53928,0.59265,0.54892,0.593455,0.578295,0.595915,0.547525,0.531915,0.576005,0.58231,0.51502,0.591215,0.556725,0.58375,0.527305,0.59635,0.55248,0.54204,0.576585,0.5162,0.662575,0.52953,0.548415,0.533545,0.579115,0.521455,0.67142,0.591545,0.551645
Maddison,4.395055,4.30803,4.582465,4.33777,4.36823,4.43848,4.389635,4.088605,4.478855,4.486215,4.611925,4.590975,4.356565,4.69573,4.327925,4.53252,4.35931,4.378835,4.46968,4.26654,4.38277,4.256515,4.48905,4.401635,4.32184,4.64283,4.23902,4.16756,4.39009,4.159895,4.46538,4.4512
Pedro Porro,3.03885666666667,3.09194166666667,3.43582166666667,3.37551666666667,3.13711666666667,3.39539666666667,3.31725666666667,2.76938166666667,3.50565166666667,3.35423166666667,3.39940166666667,3.56890666666667,3.06697166666667,3.59132166666667,3.04733666666667,3.38530666666667,3.23022666666667,3.13210666666667,3.50206666666667,2.99109166666667,3.40918166666667,3.09027166666667,3.48169666666667,3.54670166666667,3.08896666666667,3.63753166666667,2.94983166666667,2.87659666666667,3.29090166666667,2.74558166666667,3.63526666666667,3.14630666666667
Sarr,1.84729833333333,1.82292833333333,1.91390333333333,1.82548333333333,1.83648833333333,1.86187333333333,1.84422333333333,1.73544833333333,1.87646333333333,1.87912333333333,1.92454833333333,1.91697833333333,1.83227333333333,1.95483333333333,1.82192833333333,1.89585833333333,1.83326333333333,1.84032333333333,1.87314833333333,1.79974333333333,1.84174333333333,1.79612333333333,1.88014833333333,1.84856333333333,1.81972833333333,1.93571333333333,1.78979833333333,1.76397833333333,1.84438833333333,1.76120833333333,1.87159333333333,1.86647333333333
Son,6.39473333333333,6.30176833333333,6.51923833333333,6.28144333333333,6.31104833333333,6.37931333333333,6.33184833333333,6.03930833333333,6.41854833333333,6.42570333333333,6.54786833333333,6.52750833333333,6.29971333333333,6.62930833333333,6.27187833333333,6.47070333333333,6.30237333333333,6.32135333333333,6.40963333333333,6.21222333333333,6.32517833333333,6.20248333333333,6.42845833333333,6.34350833333333,6.26596333333333,6.57789833333333,6.18547833333333,6.11603333333333,6.33228833333333,6.10858833333333,6.40545833333333,6.39167833333333
Antonio,3.033475,3.147735,3.09892,3.162845,2.979345,3.367625,3.10537,3.072965,2.988455,3.24557,3.14579,3.131795,2.995495,3.15621,3.159895,3.14806,2.930495,3.00327,3.124625,3.01871,3.14268,3.10768,3.12072,2.94529,3.030315,3.03267,3.34272,3.044625,3.154985,2.974755,3.11667,2.92717
Areola,3.580235,3.548995,3.530225,3.657865,3.59562,3.780795,3.670975,3.70371,3.57851,3.681895,3.54235,3.6676,3.54665,3.585625,3.64066,3.65054,3.565055,3.508745,3.7116,3.531095,3.753505,3.570555,3.58833,3.547755,3.582,3.70957,3.72943,3.60849,3.473085,3.53246,3.582245,3.349015
Bowen,5.39236,5.480405,5.27132,5.57843,5.39131,5.62604,5.368175,5.38725,5.34408,5.48484,5.467055,5.530715,5.223595,5.38364,5.450085,5.674615,5.336895,5.39397,5.597665,5.524755,5.365705,5.463105,5.393555,5.255255,5.44725,5.438405,5.570615,5.34593,5.375285,5.280525,5.404575,5.117145
L.Paquetá,2.93038666666667,3.02782166666667,2.88758666666667,3.10351166666667,2.97194666666667,3.13698666666667,2.95568166666667,2.96909666666667,2.93874166666667,3.03770666666667,3.02520166666667,3.06996166666667,2.85403166666667,2.96655666666667,3.01327166666667,3.17113666666667,2.93368666666667,2.97382166666667,3.11703166666667,3.06577166666667,2.95394666666667,3.02242666666667,2.97352666666667,2.87629166666667,3.01127666666667,3.00506166666667,3.09801666666667,2.94004166666667,2.96068166666667,2.89405666666667,2.98127666666667,2.77918666666667
Neto,4.68665,4.81619,4.87194,4.86488,4.83974,4.83752,4.866915,4.662645,4.84992,4.97732,4.74686,4.78017,4.79378,4.94009,4.771795,4.902785,4.70716,4.898125,4.756855,4.75939,4.6874,4.93398,5.0153,4.69996,4.775695,4.85959,4.95513,4.795865,4.804155,4.57941,4.79061,4.63059
José Sá,3.239145,3.29566,3.28894,3.25106,3.354995,3.288485,3.401745,3.2484,3.275505,3.51388,3.13818,3.401665,3.303925,3.3745,3.37472,3.385535,3.23231,3.230765,3.284525,3.28648,3.249655,3.455645,3.36619,3.229775,3.38936,3.42378,3.435425,3.20542,3.28876,3.024315,3.42648,3.26417
Cunha,2.91589,3.066175,3.03982,3.09392,3.098725,2.9701,3.18377,2.93554,3.046895,3.30492,2.9936,2.961065,2.91951,3.101655,2.962475,3.070835,2.91495,2.958585,2.928555,2.977085,2.885705,3.280195,3.08698,3.0382,3.0446,3.08071,3.063715,2.943255,3.05582,2.86772,3.012435,2.908285
Diaby,4.66077666666667,4.70621166666667,4.74605166666667,4.69047666666667,4.84181666666667,4.82061666666667,4.64306666666667,4.75843166666667,4.52201666666667,4.68216666666667,4.68008166666667,4.64560666666667,4.63743166666667,4.73635666666667,4.66001666666667,4.75134666666667,4.72614666666667,4.78934166666667,4.75338666666667,4.86405666666667,4.62944666666667,4.72392666666667,4.63305166666667,4.73944666666667,4.46519666666667,4.78467166666667,4.54863166666667,4.90213166666667,4.66643666666667,4.65804166666667,4.66752666666667,4.64451166666667
Disasi,4.20428166666667,4.35805666666667,3.96575166666667,4.08016166666667,3.67825166666667,3.46364666666667,3.55240166666667,3.77330666666667,3.67057166666667,3.89222166666667,4.24530666666667,4.09239166666667,4.10909666666667,3.72637666666667,4.14138666666667,3.30486166666667,4.22166666666667,4.06829666666667,3.33371166666667,3.79921666666667,3.86483166666667,4.04250166666667,3.58897166666667,4.38309666666667,3.89113666666667,3.79051166666667,4.30267166666667,3.69436666666667,3.72260666666667,4.22601166666667,4.09724666666667,4.32983666666667
Højlund,2.403745,2.358305,2.49889,2.317725,2.58044,2.45775,2.482505,2.294625,2.36689,2.487625,2.316275,2.398085,2.461605,2.46532,2.37555,2.37779,2.481615,2.44085,2.310305,2.672905,2.277375,2.501695,2.382245,2.32704,2.32267,2.494215,2.442405,2.494285,2.44919,2.38917,2.34981,2.36824
Ward-Prowse,4.36937666666667,4.46600666666667,4.26815166666667,4.54198666666667,4.37513666666667,4.58443666666667,4.35451166666667,4.37152166666667,4.33302666666667,4.45853166666667,4.44267666666667,4.49943666666667,4.22559666666667,4.36829666666667,4.42754666666667,4.62775166666667,4.32661666666667,4.37751166666667,4.55913666666667,4.49412666666667,4.35231166666667,4.43915666666667,4.37714166666667,4.25382666666667,4.42501666666667,4.41713166666667,4.53501666666667,4.33467166666667,4.36085166666667,4.27635666666667,4.38696666666667,4.13067666666667
